{"cameraMode":{"drawMode":0,"name":"Shaded","section":"Shading Mode"},"sceneLighting":false,"audioPlay":false,"sceneViewState":{"m_AlwaysRefresh":false,"showFog":true,"showSkybox":false,"showFlares":true,"showImageEffects":true,"showParticleSystems":true,"showVisualEffectGraphs":true,"m_FxEnabled":true},"in2DMode":false,"pivot":{"x":1.2430987358093262,"y":1.0237054824829102,"z":0.005132198333740234},"rotation":{"x":0.2825150787830353,"y":0.3217531740665436,"z":-0.10129126161336899,"w":0.8980446457862854},"size":3.704008102416992,"orthographic":false}